,caverlee2011_bots,spammers_df,fake_followers_df,self_declared_df,political_bots_df,other_bots
caverlee2011_bots,0.895638629283489,0.279126213592233,0.7633720930232558,0.021712907117008445,0.96875,0.31158455392809586
spammers_df,0.10800915331807782,0.9172341540073337,0.7581856413337338,0.14485981308411217,0.0,0.1531791907514451
fake_followers_df,0.755998753505765,0.3490488006617039,0.8568155784650631,0.21454112038140644,0.9333333333333333,0.4181818181818181
self_declared_df,0.0,0.6181139122315593,0.11944091486658197,0.918918918918919,0.0,0.4897435897435897
political_bots_df,0.8545454545454544,0.0,0.2972972972972973,0.0,0.9919999999999999,0.22535211267605634
other_bots,0.734017363851618,0.26406926406926406,0.6732837055417701,0.7556245151280061,0.8749999999999999,0.7689946277820415
