,caverlee2011_bots,spammers_df,fake_followers_df,self_declared_df,political_bots_df,other_bots
caverlee2011_bots,0.8942105263157895,0.5310526315789473,0.7857894736842105,0.419054441260745,0.967741935483871,0.5350719424460432
spammers_df,0.48710526315789476,0.9168421052631579,0.7881578947368421,0.47564469914040114,0.43548387096774194,0.47302158273381295
fake_followers_df,0.7939473684210526,0.5857894736842105,0.868421052631579,0.5279369627507163,0.9354838709677419,0.5971223021582733
self_declared_df,0.4699140401146132,0.7070200573065902,0.5035816618911175,0.920487106017192,0.4838709677419355,0.6420863309352518
political_bots_df,0.8709677419354839,0.49193548387096775,0.5806451612903226,0.49193548387096775,0.9919354838709677,0.5564516129032258
other_bots,0.6969424460431655,0.38848920863309355,0.6447841726618705,0.716726618705036,0.8870967741935484,0.72931654676259
