,simple_df,spammers_df,fake_followers_df,self_declared_df,political_bots_df,other_bots
simple_df,0.8671992123693808,0.1973365617433414,0.9147180192572215,0.03153745072273325,0.9919999999999999,0.40854472630173566
spammers_df,0.6567737334393943,0.896852242429066,0.8154838709677419,0.3982102908277405,0.0,0.2599388379204893
fake_followers_df,0.8069628474928554,0.47694859038142623,0.9276039234002803,0.44984160506863785,0.9465648854961832,0.48523748395378696
self_declared_df,0.010767160161507403,0.8462138953942233,0.6003787878787878,0.9243085880640466,0.0,0.5255102040816326
political_bots_df,0.8076923076923077,0.031746031746031744,0.6666666666666666,0.0,0.991869918699187,0.27777777777777773
other_bots,0.02653399668325042,0.7604166666666666,0.590047393364929,0.5217391304347826,0.6021505376344086,0.679245283018868
