,twibot_2020_one_hot,botometer_feedback_2019_one_hot,cresci_rtbust_2019_one_hot,gilani_2017_one_hot,cresci_2017_one_hot,cresci_2015_one_hot,cresci_stock_2018_one_hot,yang_2013_one_hot
twibot_2020_one_hot,1.0,0.5323741007194245,0.49558823529411766,0.5536697247706422,0.5778641335636154,0.5246153846153846,0.5159540006478782,0.556
botometer_feedback_2019_one_hot,0.5290473568281938,1.0,0.5441176470588235,0.5779816513761468,0.6191709844559585,0.5346153846153846,0.4981373501781665,0.574
cresci_rtbust_2019_one_hot,0.49807268722466963,0.5503597122302158,1.0,0.539908256880734,0.5911053540587219,0.38794871794871794,0.6392128279883382,0.792
gilani_2017_one_hot,0.5261563876651982,0.6115107913669064,0.48676470588235293,0.9922018348623853,0.6083765112262521,0.3441025641025641,0.46671525753158405,0.337
cresci_2017_one_hot,0.5229900881057269,0.6115107913669064,0.5220588235294118,0.521559633027523,1.0,0.811025641025641,0.4972465176546809,0.578
cresci_2015_one_hot,0.5184471365638766,0.5143884892086331,0.5,0.4963302752293578,0.6691134139320668,1.0,0.5028344671201814,0.747
cresci_stock_2018_one_hot,0.5137665198237885,0.5107913669064749,0.6044117647058823,0.5004587155963303,0.5077720207253886,0.5343589743589744,1.0,0.5
yang_2013_one_hot,0.5023403083700441,0.5143884892086331,0.5,0.49954128440366974,0.5764248704663213,0.5156410256410257,0.49991901522513765,0.9995
