,twibot_2020_one_hot,botometer_feedback_2019_one_hot,cresci_rtbust_2019_one_hot,gilani_2017_one_hot,cresci_2017_one_hot,cresci_2015_one_hot,cresci_stock_2018_one_hot,yang_2013_one_hot
twibot_2020_one_hot,1.0,0.3468208092485549,0.5050505050505051,0.568917299240911,0.7928034521158129,0.6504433125825316,0.5506929798131968,0.25545454545454543
botometer_feedback_2019_one_hot,0.4833293065957961,0.9980732177263969,0.5396825396825397,0.6256492209348782,0.44111915367483295,0.3793623844557631,0.5131063573365472,0.31154545454545457
cresci_rtbust_2019_one_hot,0.4619473302730128,0.6724470134874759,1.0,0.5840990811026768,0.5299276169265034,0.4180343331446897,0.6286532087978307,0.2979090909090909
gilani_2017_one_hot,0.47499395989369414,0.7341040462427746,0.49783549783549785,0.9924091090691171,0.4192650334075724,0.24316166760988492,0.4381590840614643,0.4007272727272727
cresci_2017_one_hot,0.4723363131191109,0.7707129094412332,0.5281385281385281,0.5801038753495805,0.9999304008908686,0.8654970760233918,0.46429647484181985,0.25345454545454543
cresci_2015_one_hot,0.45554481758878956,0.7148362235067437,0.4906204906204906,0.5621254494606472,0.6014059020044543,1.0,0.4688912322988852,0.8223636363636364
cresci_stock_2018_one_hot,0.4597728920028992,0.6801541425818882,0.5815295815295816,0.5601278465840991,0.31131681514476617,0.3923787964534993,1.0,0.9086363636363637
yang_2013_one_hot,0.44213578158975597,0.7398843930635838,0.4906204906204906,0.5633240111865762,0.35648663697104677,0.3880399924542539,0.4650497137692076,0.9998181818181818
