,twibot_2020_one_hot,botometer_feedback_2019_one_hot,cresci_rtbust_2019_one_hot,gilani_2017_one_hot,cresci_2017_one_hot,cresci_2015_one_hot,cresci_stock_2018_one_hot,yang_2013_one_hot
twibot_2020_one_hot,0.992789794786467,0.663129973474801,0.5982339955849889,0.5002644103648862,0.7182901943937279,0.6875556346804345,0.6666276894293733,0.6631892697466468
botometer_feedback_2019_one_hot,0.4487583071003847,0.9174917491749174,0.4703891708967851,0.5631284916201117,0.6845021370903911,0.9117143555881633,0.38492543329302703,0.6803840877914952
cresci_rtbust_2019_one_hot,0.25293624161073824,0.47272727272727266,0.9970501474926253,0.27298850574712646,0.45686471970459885,0.48316408337787276,0.6036351509087876,0.6361100039856518
gilani_2017_one_hot,0.3771929824561403,0.5240174672489084,0.24782608695652172,0.9739208633093525,0.5743333333333333,0.6318506751389992,0.16617740906190173,0.513089005235602
cresci_2017_one_hot,0.15908001916626738,0.3636363636363637,0.6487068965517241,0.11551155115511551,0.9926054806437581,0.8937456405487096,0.02248258391386954,0.7264640474425499
cresci_2015_one_hot,0.09273885350318471,0.19428571428571428,0.0,0.0018231540565177757,0.5906015724995429,0.9945862335653518,0.009006111289803796,0.6597687157638467
cresci_stock_2018_one_hot,0.10727969348659004,0.10126582278481013,0.34210526315789475,0.012623985572587919,0.18046234153616705,0.006066734074823054,0.98977337805776,0.0
yang_2013_one_hot,0.2869546342522249,0.18064516129032257,0.0,0.014414414414414416,0.654833836858006,0.8759299256059516,0.010369206598586018,0.9587727708533078
